Timestamp,Evaluator ID,"1. Consent
I confirm that:
    - I am participating voluntarily.
    - My responses may be used in anonymized research reporting.
    - I may stop at any time.",2. Affiliation,3. How familiar are you with command-line tools?,4. How familiar are you with CI/CD workflows?,5. How familiar are you with NLP or ML model evaluation?,6. Were you able to run the provided study command/script?,7. Approximately how many minutes did it take to complete the run?,"8. If you faced any setup or execution issue, describe it briefly.",9. What is the baseline model version used in the study scenario?,10. What is the candidate model version used in the study scenario?,11. What directory contains the frozen corpus?,12. How difficult was this task?,13. Did the candidate model pass or fail the Alteron CI check?,14. What evidence did you primarily use to answer the previous question?,15. How difficult was this task?,16. Which MR caused the blocking regression?,17. Which artifact did you use to identify the blocking MR?,18. How difficult was this task?,19. Where are the regression reports stored?,20. Where is the CI summary stored?,"21. If a release is blocked, which artifact would you inspect first?",22. How difficult was this task?,The overall purpose of Alteron was clear to me.,The provided study instructions were easy to follow.,The one-command study setup made the workflow easy to execute.,The generated artifacts were easy to navigate.,I could understand why the candidate model failed or passed.,The difference between ordinary accuracy and behavioral regression was clear.,Alteron's outputs would be useful in a model maintenance or CI/CD workflow.,I would be able to use Alteron again with similar guidance.,The regression report was the most useful artifact for understanding the result.
5/23/2026 15:17:15,4,"Yes, I agree.",Academia,3,2,4,Yes,3 minutes,"It could not find python for some reason, even though python is attached to my file path.",stable,candidate,user-study\\study_input\\corpus,3,Fail,Exit code (0 or 1),2,CHR-GEN-018,regression_report_stable_to_candidate.csv,4,user-study/study_output/regression_reports/,user-study\study_output\ci_summary.json,CI summary,3,4,4,5,5,4,5,4,5,5
5/23/2026 19:55:23,5,"Yes, I agree.",Industry,4,4,4,Yes,less than 1min,no,stable,candidate,user-study/study_input/corpus,1,Fail,"ci_summary.json, Regressioin report",1, CHR-GEN-018,regression_report_stable_to_candidate.csv,1,user-study/study_output/regression_reports/,user-study/study_output/ci_summary.json,Regression report,1,5,5,5,5,4,4,4,5,5
5/23/2026 21:39:57,6,"Yes, I agree.",Academia,4,3,4,Yes,25,,stable,candidate,corpus,4,Fail,ci_summary.json,3,CHR-GEN-018,regression_report_stable_to_candidate.csv,4,regression_reports,ci_summary.json,CI summary,4,5,5,5,5,5,5,5,5,5
5/23/2026 21:57:41,1,"Yes, I agree.",Industry,5,5,4,Yes,3 hours,It takes too long and installs a lot of stuffs without prior consent.,stable,candidate,/home/abhijit/Experiments/alteron-user-study/alteron-user-study/user-study/study_input/corpus,1,Fail,"Exit code (0 or 1), Regressioin report",1,"""CHR-GEN-005"", ""CHR-GEN-018""",ci_summary.json,1,/home/abhijit/Experiments/alteron-user-study/alteron-user-study/user-study/study_output/regression_reports/regression_report_stable_to_candidate.csv,~/Experiments/alteron-user-study/alteron-user-study/user-study/study_output/ci_summary.json,CI summary,1,5,3,5,4,5,5,3,5,5
5/24/2026 21:37:32,11,"Yes, I agree.",Academia,3,2,3,Yes,11,windows PowerShell policy,stable,candidate ,user-study\study_input\corpus,3,Fail,ci_summary.json,2,CHR-GEN-018,regression_report_stable_to_candidate.csv,3,user-study\study_output\regression_reports,user-study\study_output\ci_summary.json,Regression report,4,1,1,1,3,1,1,2,1,4
5/28/2026 19:11:58,3,"Yes, I agree.",Academia,3,4,4,Yes,1 minute,no,stable,candidate,"alteron-user-study\\alteron-user-study\\user-study\\study_output\\regression_reports\\regression_report_stable_to_candidate.csv""",3,Pass,ci_summary.json,2,CHR-GEN-018,Candidate snapshot files,4,,,,,3,3,5,5,4,3,4,5,5
5/28/2026 20:13:01,13,"Yes, I agree.",Industry,5,5,4,Yes,10,none,stable,candidate,user-study/study_input/corpus/,1,Fail,Exit code (0 or 1),1,CHR-GEN-018,regression_report_stable_to_candidate.csv,1,alteron-user-study\user-study\study_output\regression_reports\regression_report_stable_to_candidate.csv,alteron-user-study\user-study\study_output\ci_summary.json,CI summary,1,5,5,5,4,5,4,5,5,5
5/28/2026 20:43:08,2,"Yes, I agree.",Industry,5,4,4,Yes,5 minutes,"I was testing it on windows. PowerShell blocked the .ps1 script because my system does not allow unsigned scripts to run. 
I needed to run this command to continue --> 
Set-ExecutionPolicy -Scope Process -ExecutionPolicy Bypass","""baseline_version"": ""stable""","""candidate_version"": ""candidate""",user-study\study_input\corpus,3,Fail,"ci_summary.json, Regressioin report, README / instructions",4,CHR-GEN-018,regression_report_stable_to_candidate.csv,2,user-study\study_output\regression_reports\regression_report_stable_to_candidate.csv,user-study\study_output\ci_summary.json,Regression report,2,4,3,5,3,3,3,3,2,4